pos,wildtype,mutant,label
2,F,C,0
2,F,L,0
2,F,S,0
3,V,A,0
3,V,F,0
3,V,G,0
3,V,I,0
3,V,L,0
3,V,M,0
4,F,I,0
4,F,L,0
4,F,S,0
5,L,F,0
5,L,I,0
5,L,P,0
5,L,S,0
6,V,A,0
6,V,C,0
6,V,F,0
6,V,I,0
6,V,L,0
7,L,F,0
7,L,I,0
8,L,F,0
8,L,V,0
8,L,W,0
9,P,L,0
9,P,Q,0
9,P,S,0
9,P,T,0
10,L,I,0
10,L,M,0
10,L,P,0
10,L,V,0
11,V,A,0
11,V,F,0
11,V,I,0
11,V,L,0
12,S,F,0
12,S,P,0
12,S,Y,0
13,S,G,0
13,S,I,0
13,S,N,0
14,Q,-,0
14,Q,E,0
14,Q,H,0
14,Q,K,0
14,Q,L,0
14,Q,R,0
15,C,-,0
15,C,F,0
15,C,R,0
15,C,S,0
15,C,Y,0
16,V,-,0
16,V,A,0
16,V,F,0
16,V,I,0
16,V,L,0
16,V,M,0
17,N,-,0
17,N,D,0
17,N,K,0
17,N,S,0
18,L,-,1
18,L,F,0
18,L,G,0
18,L,H,0
18,L,I,0
18,L,K,0
18,L,M,0
18,L,N,0
18,L,P,0
18,L,Q,0
18,L,R,0
18,L,S,0
18,L,T,0
18,L,V,0
18,L,W,0
18,L,Y,0
19,I,-,0
19,I,A,0
19,I,C,0
19,I,E,0
19,I,F,0
19,I,H,0
19,I,K,0
19,I,L,0
19,I,M,0
19,I,N,0
19,I,P,0
19,I,Q,0
19,I,R,0
19,I,S,0
19,I,T,0
19,I,V,0
19,I,W,0
19,I,Y,0
20,T,-,0
20,T,A,0
20,T,I,0
20,T,K,0
20,T,N,0
20,T,P,0
20,T,S,0
21,R,-,0
21,R,E,0
21,R,G,0
21,R,I,0
21,R,K,0
21,R,M,0
21,R,S,0
21,R,T,0
22,T,A,0
22,T,I,0
22,T,N,0
22,T,P,0
22,T,S,0
23,Q,-,0
23,Q,E,0
23,Q,H,0
23,Q,K,0
23,Q,L,0
23,Q,N,0
23,Q,P,0
24,S,-,0
24,S,A,0
24,S,C,0
24,S,D,0
24,S,E,0
24,S,F,0
24,S,G,0
24,S,H,0
24,S,I,0
24,S,K,0
24,S,L,0
24,S,M,0
24,S,N,0
24,S,P,0
24,S,Q,0
24,S,R,0
24,S,T,0
24,S,V,0
24,S,W,0
24,S,Y,0
25,Y,-,0
25,Y,C,0
25,Y,F,0
25,Y,H,0
25,Y,N,0
26,T,-,0
26,T,A,0
26,T,I,0
26,T,N,0
26,T,S,0
27,N,-,0
27,N,H,0
27,N,I,0
27,N,K,0
27,N,S,0
27,N,T,0
27,N,Y,0
28,S,-,0
28,S,F,1
28,S,I,0
29,F,-,0
29,F,L,0
29,F,S,0
29,F,V,0
29,F,Y,0
30,T,-,0
30,T,A,0
30,T,I,0
30,T,K,0
30,T,L,0
30,T,S,0
31,R,C,0
31,R,K,0
31,R,L,0
31,R,T,0
32,G,A,0
32,G,C,0
32,G,R,0
32,G,S,0
32,G,V,0
33,V,A,0
33,V,F,0
33,V,I,0
33,V,T,0
34,Y,H,0
35,Y,F,0
35,Y,H,0
36,P,-,0
36,P,H,0
36,P,L,0
36,P,S,1
36,P,T,0
38,K,E,0
38,K,N,0
38,K,Q,0
38,K,R,0
39,V,F,1
40,F,Y,0
41,R,K,1
42,S,A,0
42,S,F,0
42,S,I,0
42,S,P,0
42,S,T,0
42,S,Y,0
43,S,W,0
44,V,L,0
45,L,V,0
46,H,C,0
46,H,Q,0
46,H,Y,0
47,S,F,0
47,S,G,0
47,S,N,0
47,S,T,0
48,T,A,0
48,T,I,0
49,Q,E,0
49,Q,H,0
49,Q,K,0
49,Q,L,0
49,Q,P,0
49,Q,R,0
49,Q,S,0
50,D,C,0
50,D,E,0
50,D,G,1
50,D,N,0
50,D,Y,0
51,L,P,0
52,F,Y,0
53,L,F,0
53,L,P,0
53,L,V,0
54,P,S,0
54,P,T,0
55,F,L,0
55,F,M,0
56,F,L,0
56,F,S,0
56,F,Y,0
57,S,A,0
57,S,C,0
57,S,F,0
57,S,I,0
57,S,L,0
57,S,T,0
58,N,D,0
58,N,G,0
58,N,K,0
58,N,M,0
58,N,S,0
58,N,T,0
58,N,W,0
59,V,A,0
59,V,D,0
59,V,F,0
59,V,G,0
59,V,I,0
59,V,L,0
59,V,M,0
59,V,S,0
60,T,-,0
60,T,A,0
60,T,I,0
60,T,L,0
60,T,M,0
60,T,N,0
60,T,Q,0
60,T,S,0
61,W,-,0
61,W,C,0
61,W,F,0
61,W,G,0
61,W,L,0
61,W,R,0
61,W,S,0
62,F,-,0
62,F,L,0
62,F,S,0
62,F,Y,0
63,H,-,0
63,H,D,0
63,H,F,0
63,H,G,0
63,H,M,0
63,H,N,0
63,H,P,0
63,H,Q,0
63,H,R,0
63,H,S,0
63,H,Y,0
64,A,-,0
64,A,C,0
64,A,D,0
64,A,E,0
64,A,F,0
64,A,G,0
64,A,H,0
64,A,I,0
64,A,K,0
64,A,L,0
64,A,M,0
64,A,N,0
64,A,P,0
64,A,Q,0
64,A,S,0
64,A,T,0
64,A,V,0
64,A,Y,0
65,I,-,0
65,I,F,0
65,I,M,0
65,I,N,0
65,I,S,0
65,I,T,0
65,I,Y,0
66,H,-,0
66,H,F,0
66,H,L,0
66,H,N,0
66,H,P,0
66,H,Q,0
66,H,R,0
66,H,S,0
66,H,V,0
66,H,Y,0
67,V,-,0
67,V,A,0
67,V,F,0
67,V,G,0
67,V,I,0
67,V,L,0
67,V,S,0
68,S,-,0
68,S,A,0
68,S,E,0
68,S,F,0
68,S,P,0
68,S,T,0
68,S,Y,0
69,G,-,0
69,G,D,0
69,G,S,0
69,G,V,0
69,G,W,0
70,T,-,0
70,T,A,0
70,T,I,0
70,T,L,0
70,T,N,0
70,T,P,0
71,N,-,0
71,N,D,0
71,N,H,0
71,N,I,0
71,N,K,0
71,N,M,0
71,N,R,0
71,N,S,0
71,N,T,0
72,G,-,0
72,G,A,0
72,G,C,0
72,G,D,0
72,G,N,0
72,G,R,0
72,G,S,0
72,G,V,0
73,T,-,0
73,T,A,0
73,T,I,0
73,T,K,0
73,T,L,0
73,T,N,0
73,T,P,0
73,T,S,0
74,K,-,0
74,K,E,0
74,K,I,0
74,K,M,0
74,K,N,0
74,K,R,0
74,K,T,0
75,R,-,0
75,R,G,0
75,R,K,0
75,R,L,0
75,R,M,0
75,R,S,0
75,R,T,0
75,R,V,0
75,R,W,0
76,F,-,0
76,F,L,0
76,F,S,0
76,F,V,0
76,F,Y,0
77,D,-,0
77,D,A,0
77,D,E,0
77,D,F,0
77,D,G,0
77,D,H,0
77,D,I,0
77,D,N,0
77,D,R,0
77,D,S,0
77,D,V,0
77,D,Y,0
78,N,-,0
78,N,D,0
78,N,G,0
78,N,K,0
78,N,S,0
78,N,T,0
78,N,Y,0
79,P,-,0
79,P,H,0
79,P,I,0
79,P,L,0
79,P,S,0
79,P,T,0
80,A,-,0
80,A,C,0
80,A,D,0
80,A,E,0
80,A,F,0
80,A,G,0
80,A,H,0
80,A,I,0
80,A,K,0
80,A,M,0
80,A,N,0
80,A,P,0
80,A,Q,0
80,A,S,0
80,A,T,0
80,A,V,0
80,A,Y,0
81,L,-,0
81,L,I,0
81,L,P,0
81,L,V,0
82,P,-,0
82,P,A,0
82,P,L,0
82,P,Q,0
82,P,S,0
82,P,T,0
83,F,I,0
83,F,L,0
83,F,Y,0
84,N,C,0
84,N,D,0
84,N,H,0
84,N,I,0
84,N,K,0
84,N,M,0
84,N,S,0
84,N,T,0
84,N,Y,0
85,D,A,0
85,D,E,0
85,D,G,1
85,D,H,0
85,D,L,0
85,D,N,0
85,D,S,0
85,D,Y,0
86,G,V,0
86,G,W,0
87,V,A,0
87,V,C,0
87,V,F,0
87,V,I,0
87,V,L,0
87,V,M,0
88,Y,F,0
88,Y,T,0
89,F,I,0
89,F,L,0
89,F,Y,0
90,A,-,0
90,A,C,0
90,A,I,0
90,A,L,0
90,A,S,0
90,A,T,0
90,A,V,0
91,S,-,0
91,S,A,0
91,S,C,0
91,S,G,1
91,S,L,0
91,S,N,0
91,S,T,0
92,T,-,0
92,T,A,0
92,T,F,0
92,T,H,0
92,T,I,0
92,T,L,0
92,T,N,0
92,T,P,0
92,T,S,0
92,T,V,0
93,E,-,0
93,E,D,0
93,E,K,0
93,E,L,0
93,E,P,0
93,E,Q,0
93,E,V,0
94,K,-,0
94,K,E,0
94,K,L,0
94,K,M,0
94,K,N,0
94,K,Q,0
94,K,R,0
94,K,S,0
94,K,T,0
95,S,-,0
95,S,A,0
95,S,C,0
95,S,D,0
95,S,E,0
95,S,F,0
95,S,G,0
95,S,H,0
95,S,I,0
95,S,K,0
95,S,L,0
95,S,M,0
95,S,N,0
95,S,P,0
95,S,Q,0
95,S,R,0
95,S,T,0
95,S,V,0
95,S,W,0
95,S,Y,0
96,N,-,0
96,N,D,0
96,N,K,0
96,N,S,0
96,N,T,0
96,N,Y,0
97,I,-,0
97,I,H,0
97,I,K,0
97,I,L,0
97,I,M,0
97,I,R,0
97,I,T,0
97,I,V,0
98,I,L,0
98,I,M,0
98,I,N,0
98,I,T,0
98,I,V,0
99,R,-,0
99,R,A,0
99,R,E,0
99,R,G,0
99,R,I,0
99,R,K,0
99,R,S,0
100,G,-,0
100,G,A,0
100,G,C,0
100,G,F,0
100,G,S,0
101,W,F,0
101,W,L,0
102,I,F,0
102,I,L,0
102,I,T,0
102,I,V,0
102,I,Y,0
103,F,-,0
103,F,I,0
103,F,L,0
103,F,V,0
103,F,Y,0
104,G,-,0
104,G,F,0
104,G,L,0
105,T,-,0
105,T,A,1
105,T,C,0
105,T,I,1
105,T,L,0
105,T,N,1
105,T,S,0
106,T,A,0
106,T,F,0
106,T,I,0
106,T,S,0
107,L,-,0
107,L,F,0
107,L,I,0
107,L,M,0
107,L,V,0
107,L,Y,0
108,D,-,0
108,D,E,0
108,D,H,0
108,D,I,0
108,D,M,0
108,D,N,0
108,D,R,0
109,S,-,0
109,S,A,0
109,S,F,0
109,S,I,0
109,S,K,0
109,S,L,0
109,S,N,0
109,S,P,0
109,S,R,0
109,S,T,0
110,K,E,0
110,K,M,0
110,K,N,0
110,K,P,0
110,K,R,0
110,K,T,0
111,T,A,0
111,T,I,0
111,T,S,0
112,Q,H,0
112,Q,L,0
112,Q,P,0
112,Q,S,0
114,L,-,0
114,L,I,0
115,L,F,0
115,L,I,0
115,L,M,0
116,I,-,0
116,I,F,0
116,I,L,0
116,I,V,0
117,V,-,0
117,V,A,0
117,V,F,0
117,V,I,0
117,V,L,0
117,V,M,0
118,N,D,0
118,N,I,0
118,N,K,0
118,N,S,0
118,N,T,0
119,N,D,0
119,N,K,0
119,N,S,0
119,N,T,0
120,A,L,0
120,A,S,0
120,A,T,0
120,A,V,0
121,T,-,0
121,T,A,0
121,T,I,0
121,T,L,0
121,T,N,0
121,T,S,0
122,N,D,0
122,N,K,0
122,N,M,0
122,N,T,0
123,V,-,0
123,V,A,0
123,V,F,0
123,V,I,0
123,V,L,0
123,V,M,0
124,V,A,0
124,V,F,0
124,V,I,0
124,V,L,0
124,V,M,0
125,I,L,0
125,I,V,0
126,K,N,0
126,K,R,0
126,K,T,0
126,K,Y,0
127,V,A,0
127,V,F,0
127,V,I,0
127,V,L,0
127,V,M,0
127,V,S,0
127,V,Y,1
128,C,-,0
128,C,V,0
129,E,A,0
129,E,D,0
129,E,G,0
129,E,K,1
129,E,N,0
129,E,P,0
129,E,Q,1
129,E,V,1
130,F,I,0
130,F,L,0
130,F,Y,0
131,Q,-,0
131,Q,E,0
131,Q,H,0
131,Q,K,0
131,Q,L,0
131,Q,N,0
131,Q,R,0
131,Q,S,0
132,F,-,0
132,F,I,0
132,F,L,0
132,F,V,0
132,F,Y,0
133,C,-,0
133,C,F,0
133,C,G,0
133,C,L,0
133,C,R,0
133,C,V,0
133,C,Y,0
134,N,-,0
134,N,A,0
134,N,D,0
134,N,I,0
134,N,K,0
134,N,M,0
134,N,S,0
134,N,T,0
134,N,Y,0
135,D,A,0
135,D,E,0
135,D,G,0
135,D,H,0
135,D,I,0
135,D,N,0
135,D,Q,0
135,D,T,0
135,D,V,0
135,D,Y,0
136,P,-,0
136,P,D,0
136,P,H,0
136,P,L,0
136,P,R,0
136,P,S,0
137,F,-,0
137,F,I,0
137,F,L,0
137,F,M,0
137,F,S,0
137,F,V,0
138,L,-,0
138,L,A,0
138,L,F,0
138,L,I,0
138,L,P,0
138,L,S,0
138,L,V,0
138,L,W,0
139,D,-,0
139,D,A,0
139,D,C,0
139,D,E,0
139,D,F,0
139,D,G,0
139,D,H,0
139,D,I,0
139,D,K,0
139,D,L,0
139,D,N,0
139,D,P,0
139,D,Q,0
139,D,R,0
139,D,S,0
139,D,T,0
139,D,V,0
139,D,Y,0
140,V,-,0
140,V,A,0
140,V,C,0
140,V,D,0
140,V,F,0
140,V,I,0
140,V,L,0
140,V,P,0
140,V,T,0
141,Y,-,0
141,Y,D,0
141,Y,F,0
141,Y,H,0
141,Y,I,0
141,Y,K,0
141,Y,L,0
141,Y,N,0
141,Y,P,0
141,Y,Q,0
141,Y,S,0
141,Y,T,0
141,Y,W,0
142,Q,-,0
142,Q,A,0
142,Q,C,0
142,Q,E,0
142,Q,F,0
142,Q,G,0
142,Q,H,0
142,Q,I,0
142,Q,K,0
142,Q,L,0
142,Q,M,0
142,Q,N,0
142,Q,P,0
142,Q,R,0
142,Q,S,0
142,Q,T,0
142,Q,V,0
142,Q,W,0
142,Q,Y,0
143,K,-,0
143,K,A,0
143,K,C,0
143,K,D,0
143,K,E,0
143,K,F,0
143,K,G,0
143,K,H,0
143,K,I,0
143,K,L,0
143,K,M,0
143,K,N,0
143,K,P,0
143,K,Q,0
143,K,R,0
143,K,S,0
143,K,T,0
143,K,V,0
143,K,W,0
143,K,Y,0
144,N,-,0
144,N,D,0
144,N,H,0
144,N,K,0
144,N,Q,0
144,N,S,0
144,N,T,0
144,N,Y,0
145,N,D,0
145,N,I,0
145,N,K,0
145,N,R,0
145,N,S,0
145,N,T,0
145,N,Y,0
146,K,-,0
146,K,E,0
146,K,N,0
146,K,Q,0
146,K,R,0
146,K,V,0
147,S,-,0
147,S,G,0
147,S,I,0
147,S,K,0
147,S,L,0
147,S,N,0
147,S,R,0
147,S,T,0
147,S,V,0
148,W,-,0
148,W,C,0
148,W,G,0
148,W,K,0
148,W,L,0
148,W,Q,0
148,W,R,0
148,W,S,0
149,M,-,0
149,M,A,0
149,M,C,0
149,M,D,0
149,M,E,0
149,M,F,0
149,M,G,0
149,M,H,0
149,M,I,0
149,M,K,0
149,M,L,0
149,M,N,0
149,M,P,0
149,M,Q,0
149,M,R,0
149,M,S,0
149,M,T,0
149,M,V,0
149,M,W,0
149,M,Y,0
150,E,-,0
150,E,A,0
150,E,D,0
150,E,G,0
150,E,K,0
150,E,Q,0
150,E,S,0
150,E,V,0
151,S,-,0
151,S,A,0
151,S,G,0
151,S,I,0
151,S,K,0
151,S,L,0
151,S,N,0
151,S,T,0
151,S,V,0
152,E,-,0
152,E,A,0
152,E,D,0
152,E,G,0
152,E,K,0
152,E,Q,0
152,E,V,0
153,F,-,0
153,F,C,0
153,F,G,0
153,F,I,0
153,F,L,0
153,F,S,0
153,F,V,0
153,F,Y,0
154,R,-,0
154,R,G,0
154,R,I,0
154,R,K,0
154,R,M,0
154,R,S,0
154,R,T,0
155,V,-,0
155,V,A,0
155,V,F,0
155,V,I,0
155,V,L,0
156,Y,-,0
156,Y,F,0
156,Y,H,0
156,Y,I,0
156,Y,V,0
157,S,-,0
157,S,A,0
157,S,F,0
157,S,N,0
157,S,P,0
157,S,Q,0
157,S,T,0
157,S,Y,0
158,S,G,0
158,S,I,0
158,S,K,0
158,S,L,0
158,S,N,0
158,S,P,0
158,S,R,0
158,S,T,0
159,A,-,0
159,A,E,0
159,A,G,0
159,A,I,0
159,A,L,0
159,A,S,0
159,A,T,0
159,A,V,0
160,N,-,0
160,N,F,0
160,N,H,0
160,N,I,0
160,N,K,0
160,N,S,0
160,N,T,0
160,N,Y,0
161,N,F,0
161,N,I,0
161,N,M,0
163,T,-,0
163,T,A,0
163,T,E,0
163,T,I,0
163,T,L,0
163,T,S,0
164,F,-,0
164,F,L,0
164,F,S,0
164,F,V,0
164,F,Y,0
165,E,-,0
165,E,D,0
165,E,K,0
165,E,N,0
165,E,Q,0
166,Y,-,0
166,Y,C,0
166,Y,F,0
166,Y,H,0
166,Y,I,0
166,Y,M,0
167,V,-,0
167,V,A,0
167,V,C,0
167,V,F,0
167,V,I,0
167,V,L,0
167,V,M,0
167,V,S,0
168,S,-,0
168,S,A,0
168,S,F,0
168,S,G,0
168,S,L,0
168,S,N,0
168,S,T,0
168,S,Y,0
169,Q,-,0
169,Q,D,0
169,Q,E,0
169,Q,H,0
169,Q,K,0
169,Q,L,0
169,Q,P,0
169,Q,R,0
169,Q,S,0
170,P,A,0
170,P,H,0
170,P,L,0
170,P,R,0
170,P,S,0
170,P,T,0
171,F,-,0
171,F,I,0
171,F,K,0
171,F,L,0
171,F,S,0
171,F,V,0
172,L,-,0
172,L,C,0
172,L,D,0
172,L,E,0
172,L,F,0
172,L,H,0
172,L,I,0
172,L,K,0
172,L,M,0
172,L,N,0
172,L,P,0
172,L,Q,0
172,L,R,0
172,L,S,0
172,L,T,0
172,L,V,0
172,L,W,0
172,L,Y,0
173,M,-,0
173,M,I,0
173,M,K,0
173,M,L,0
173,M,N,0
173,M,R,0
173,M,T,0
173,M,V,0
173,M,W,0
173,M,Y,0
174,D,-,0
174,D,A,0
174,D,E,0
174,D,G,0
174,D,H,0
174,D,N,0
174,D,T,0
174,D,Y,0
175,L,-,0
175,L,F,0
175,L,I,0
175,L,M,0
175,L,R,0
175,L,S,0
175,L,V,0
176,E,-,0
176,E,A,0
176,E,C,0
176,E,D,0
176,E,F,0
176,E,G,0
176,E,H,0
176,E,I,0
176,E,K,0
176,E,L,0
176,E,M,0
176,E,N,0
176,E,P,0
176,E,Q,0
176,E,R,0
176,E,S,0
176,E,T,0
176,E,V,0
176,E,W,0
176,E,Y,0
177,G,-,0
177,G,A,0
177,G,C,0
177,G,D,0
177,G,E,0
177,G,F,0
177,G,H,0
177,G,I,0
177,G,K,0
177,G,L,0
177,G,M,0
177,G,N,0
177,G,P,0
177,G,Q,0
177,G,R,0
177,G,S,0
177,G,T,0
177,G,V,0
177,G,W,0
177,G,Y,0
178,K,-,0
178,K,A,0
178,K,C,0
178,K,D,0
178,K,E,0
178,K,F,0
178,K,G,0
178,K,H,0
178,K,I,0
178,K,L,0
178,K,M,0
178,K,N,0
178,K,P,0
178,K,Q,0
178,K,R,0
178,K,S,0
178,K,T,0
178,K,V,0
178,K,W,0
178,K,Y,0
179,E,-,0
179,E,A,0
179,E,C,0
179,E,D,0
179,E,F,0
179,E,G,0
179,E,H,0
179,E,I,0
179,E,K,0
179,E,L,0
179,E,M,0
179,E,N,0
179,E,P,0
179,E,Q,0
179,E,R,0
179,E,S,0
179,E,T,0
179,E,V,0
179,E,W,0
179,E,Y,0
180,G,-,0
180,G,A,0
180,G,C,0
180,G,D,0
180,G,E,0
180,G,F,0
180,G,H,0
180,G,I,0
180,G,K,0
180,G,L,0
180,G,M,0
180,G,N,0
180,G,P,0
180,G,Q,0
180,G,R,0
180,G,S,0
180,G,T,0
180,G,V,0
180,G,W,0
180,G,Y,0
181,N,-,0
181,N,A,0
181,N,C,0
181,N,D,0
181,N,E,0
181,N,F,0
181,N,G,0
181,N,H,0
181,N,I,0
181,N,K,0
181,N,L,0
181,N,M,0
181,N,P,0
181,N,Q,0
181,N,R,0
181,N,S,0
181,N,T,0
181,N,V,0
181,N,W,0
181,N,Y,0
182,F,-,0
182,F,H,0
182,F,I,0
182,F,L,0
182,F,S,0
182,F,V,0
183,K,-,0
183,K,E,0
183,K,I,0
183,K,N,0
183,K,Q,0
183,K,R,0
183,K,S,0
183,K,T,0
184,N,-,0
184,N,D,0
184,N,I,0
184,N,K,0
184,N,S,0
184,N,T,0
184,N,Y,0
185,L,-,0
185,L,F,0
185,L,I,0
185,L,N,0
185,L,P,0
185,L,S,0
185,L,V,0
186,R,-,0
186,R,G,0
186,R,K,0
186,R,M,0
186,R,S,0
186,R,T,0
186,R,W,0
187,E,Q,0
188,F,I,0
188,F,L,0
188,F,W,0
188,F,Y,0
189,V,C,0
189,V,L,0
189,V,M,1
190,F,-,0
190,F,L,0
190,F,V,0
191,K,N,0
191,K,R,0
191,K,S,0
192,N,-,0
192,N,E,0
192,N,I,1
192,N,S,0
192,N,Y,1
193,I,-,0
193,I,T,0
193,I,Y,0
194,D,-,0
194,D,A,0
194,D,E,0
194,D,G,0
194,D,H,0
194,D,N,1
194,D,Y,1
195,G,A,0
195,G,C,0
195,G,D,0
195,G,S,0
195,G,V,0
195,G,W,0
196,Y,-,0
196,Y,A,0
196,Y,C,1
196,Y,F,1
196,Y,H,0
196,Y,I,1
196,Y,L,1
197,F,L,0
198,K,A,0
198,K,E,0
198,K,N,0
198,K,R,0
198,K,T,0
199,I,A,0
199,I,L,0
199,I,M,0
199,I,T,0
199,I,V,0
200,Y,F,0
200,Y,H,1
200,Y,I,0
200,Y,L,1
201,S,-,0
201,S,A,0
201,S,F,0
201,S,G,0
201,S,I,0
201,S,L,0
201,S,N,0
201,S,Y,0
202,K,-,0
202,K,A,0
202,K,E,0
202,K,L,0
202,K,N,0
202,K,Q,0
202,K,R,0
202,K,S,0
202,K,T,0
203,H,-,0
203,H,L,0
203,H,N,0
203,H,Q,0
203,H,R,0
203,H,S,0
203,H,T,0
203,H,Y,0
204,T,-,0
204,T,A,0
204,T,I,0
204,T,K,0
204,T,L,0
204,T,M,0
204,T,R,0
204,T,S,0
205,P,-,0
205,P,H,0
205,P,L,0
205,P,R,0
205,P,S,0
205,P,T,0
205,P,Y,0
206,I,-,0
206,I,A,0
206,I,F,0
206,I,L,0
206,I,S,0
206,I,T,0
206,I,Y,0
207,N,-,0
207,N,C,0
207,N,D,0
207,N,E,0
207,N,G,0
207,N,H,0
207,N,I,0
207,N,K,0
207,N,R,0
207,N,S,0
207,N,T,0
207,N,Y,0
208,L,-,0
208,L,A,0
208,L,C,0
208,L,E,0
208,L,F,0
208,L,I,0
208,L,M,0
208,L,P,0
208,L,R,0
208,L,S,0
208,L,V,0
209,E,-,0
209,E,A,0
209,E,C,0
209,E,D,0
209,E,F,0
209,E,G,0
209,E,H,0
209,E,I,0
209,E,K,0
209,E,L,0
209,E,M,0
209,E,N,0
209,E,P,0
209,E,Q,0
209,E,R,0
209,E,S,0
209,E,T,0
209,E,V,0
209,E,W,0
209,E,Y,0
210,R,-,0
210,R,A,0
210,R,C,0
210,R,E,0
210,R,G,0
210,R,H,0
210,R,I,0
210,R,K,0
210,R,L,0
210,R,P,0
210,R,Q,0
210,R,S,0
210,R,Y,0
211,D,-,0
211,D,A,0
211,D,C,0
211,D,E,0
211,D,F,0
211,D,G,0
211,D,H,0
211,D,I,0
211,D,K,0
211,D,L,0
211,D,M,0
211,D,N,0
211,D,P,0
211,D,Q,0
211,D,R,0
211,D,S,0
211,D,T,0
211,D,V,0
211,D,W,0
211,D,Y,0
212,L,-,0
212,L,F,0
212,L,I,0
212,L,M,0
212,L,P,0
213,P,-,0
213,P,H,0
213,P,L,0
213,P,S,0
213,P,T,0
214,Q,-,0
214,Q,E,0
214,Q,H,0
214,Q,K,0
214,Q,L,0
214,Q,P,0
214,Q,R,0
214,Q,S,0
215,G,-,0
215,G,C,0
215,G,D,0
215,G,S,0
215,G,V,0
216,F,I,0
216,F,L,0
216,F,S,0
217,S,A,0
217,S,F,0
217,S,K,0
217,S,L,0
217,S,P,0
217,S,T,0
218,A,C,0
218,A,D,0
218,A,E,0
218,A,F,0
218,A,G,0
218,A,H,0
218,A,I,0
218,A,K,0
218,A,L,0
218,A,M,0
218,A,N,1
218,A,P,0
218,A,Q,0
218,A,R,0
218,A,S,0
218,A,T,0
218,A,V,0
218,A,W,0
218,A,Y,0
219,L,-,0
219,L,I,0
219,L,V,0
220,E,K,0
220,E,N,0
220,E,V,0
221,P,H,0
221,P,L,0
222,L,F,0
222,L,I,0
222,L,S,0
222,L,V,0
222,L,W,0
223,V,A,0
223,V,E,0
223,V,G,0
223,V,I,0
223,V,L,0
223,V,M,0
223,V,T,0
224,D,A,0
224,D,E,0
224,D,F,0
224,D,G,0
224,D,H,0
224,D,I,0
224,D,N,0
224,D,R,1
224,D,S,0
224,D,V,0
224,D,Y,1
225,L,F,0
225,L,P,0
225,L,T,0
225,L,V,0
226,P,A,1
226,P,L,0
226,P,N,0
226,P,Q,0
226,P,S,1
226,P,T,0
227,I,-,0
227,I,F,0
227,I,L,0
227,I,M,0
227,I,N,0
227,I,V,0
228,G,-,0
228,G,A,0
228,G,C,0
228,G,D,0
228,G,K,0
228,G,R,0
228,G,S,1
228,G,V,1
228,G,Y,0
229,I,F,0
229,I,L,0
229,I,S,0
229,I,T,0
229,I,V,0
229,I,Y,0
230,N,D,1
230,N,F,0
230,N,K,1
230,N,R,1
230,N,T,1
230,N,Y,1
231,I,F,0
231,I,S,0
232,T,F,1
232,T,N,1
232,T,S,0
232,T,V,0
233,R,-,0
233,R,C,0
233,R,G,0
233,R,K,0
233,R,M,0
233,R,Q,0
233,R,S,0
233,R,Y,0
234,F,I,0
234,F,L,0
234,F,Y,0
235,Q,E,0
235,Q,H,0
235,Q,K,0
235,Q,L,0
235,Q,R,0
236,T,-,0
236,T,A,0
236,T,I,0
236,T,N,0
236,T,P,0
236,T,S,0
236,T,V,0
237,L,-,0
237,L,F,0
237,L,I,0
237,L,M,0
237,L,V,0
237,L,Y,0
238,L,F,0
238,L,H,0
238,L,P,0
239,A,-,0
239,A,F,0
239,A,G,0
239,A,P,0
239,A,S,0
239,A,T,0
239,A,V,0
239,A,Y,0
240,L,D,0
240,L,F,0
240,L,I,0
240,L,P,0
240,L,V,0
241,H,-,0
241,H,D,0
241,H,E,0
241,H,F,0
241,H,G,0
241,H,I,0
241,H,L,0
241,H,M,0
241,H,N,0
241,H,P,0
241,H,Q,0
241,H,R,0
241,H,S,0
241,H,T,0
241,H,Y,0
242,R,-,0
242,R,E,0
242,R,G,0
242,R,I,0
242,R,K,0
242,R,N,0
242,R,Q,0
242,R,S,0
242,R,T,0
242,R,V,0
242,R,W,0
243,S,-,0
243,S,I,0
243,S,K,0
243,S,N,0
243,S,P,0
244,Y,C,0
244,Y,D,0
244,Y,F,0
244,Y,H,0
244,Y,I,0
244,Y,N,0
244,Y,V,0
245,L,P,0
245,L,V,0
246,T,-,0
246,T,A,0
246,T,F,0
246,T,I,0
246,T,L,0
246,T,N,0
246,T,P,0
246,T,Q,0
246,T,S,0
247,P,-,0
247,P,H,0
247,P,L,0
247,P,S,0
247,P,T,0
248,V,-,0
248,V,A,0
248,V,C,0
248,V,D,0
248,V,E,0
248,V,F,0
248,V,G,0
248,V,I,0
248,V,K,0
248,V,L,0
248,V,M,0
248,V,N,0
248,V,P,0
248,V,Q,0
248,V,R,0
248,V,S,0
248,V,T,0
248,V,W,0
248,V,Y,0
249,D,-,0
249,D,A,0
249,D,E,0
249,D,G,0
249,D,N,0
249,D,Y,0
250,S,-,0
250,S,A,0
250,S,F,0
250,S,L,0
250,S,P,0
250,S,Q,0
250,S,Y,0
251,S,A,0
251,S,C,0
251,S,D,0
251,S,F,0
251,S,G,0
251,S,H,0
251,S,I,0
251,S,N,0
251,S,P,0
251,S,T,0
251,S,V,0
251,S,Y,0
252,S,A,0
252,S,C,0
252,S,D,0
252,S,E,0
252,S,F,0
252,S,G,0
252,S,H,0
252,S,I,0
252,S,K,0
252,S,L,0
252,S,M,0
252,S,N,0
252,S,P,0
252,S,Q,0
252,S,T,0
252,S,V,0
252,S,W,0
252,S,Y,0
253,G,-,0
253,G,C,0
253,G,D,0
253,G,S,0
254,W,C,0
254,W,F,0
254,W,L,0
254,W,R,0
255,T,A,0
255,T,D,0
255,T,I,0
255,T,K,0
255,T,P,0
255,T,S,0
255,T,V,0
256,A,-,0
256,A,D,0
256,A,G,0
256,A,I,0
256,A,P,0
256,A,S,0
256,A,T,0
256,A,V,0
257,G,-,0
257,G,A,0
257,G,C,0
257,G,D,0
257,G,N,0
257,G,R,0
257,G,S,0
257,G,V,0
257,G,W,0
258,A,-,0
258,A,D,0
258,A,G,0
258,A,P,0
258,A,S,0
258,A,T,0
258,A,V,0
259,A,G,0
259,A,I,0
259,A,T,0
259,A,V,0
260,A,D,0
260,A,L,0
260,A,S,0
260,A,T,0
260,A,V,0
261,Y,C,0
261,Y,F,0
262,Y,C,0
262,Y,F,0
262,Y,H,0
262,Y,L,0
262,Y,Q,0
263,V,L,0
263,V,M,0
264,G,D,0
264,G,S,0
265,Y,-,0
265,Y,C,0
265,Y,F,0
265,Y,H,0
265,Y,I,0
266,L,I,0
266,L,M,0
267,Q,E,0
267,Q,K,0
267,Q,L,0
267,Q,R,0
267,Q,V,0
268,P,H,0
268,P,L,0
268,P,S,0
268,P,T,0
269,R,E,0
269,R,G,0
269,R,K,0
269,R,L,0
269,R,M,0
269,R,Q,0
269,R,S,0
269,R,T,0
270,T,A,0
270,T,D,0
270,T,I,0
270,T,N,0
270,T,P,0
270,T,S,0
271,F,I,0
271,F,L,0
271,F,M,0
272,L,M,0
272,L,Q,0
272,L,V,0
273,L,F,0
273,L,I,0
273,L,M,0
273,L,V,0
274,K,E,0
274,K,L,0
274,K,N,0
274,K,Q,0
274,K,R,0
275,Y,F,0
275,Y,I,0
275,Y,W,0
276,N,-,0
276,N,D,0
276,N,S,0
276,N,T,0
277,E,-,0
277,E,A,0
277,E,D,0
277,E,G,0
277,E,K,0
277,E,N,0
277,E,V,0
278,N,-,0
278,N,D,0
278,N,H,0
278,N,K,0
278,N,L,0
278,N,S,0
278,N,T,0
278,N,Y,0
279,G,S,0
280,T,A,0
280,T,I,0
280,T,L,0
280,T,N,0
280,T,Q,0
281,I,L,0
281,I,V,0
282,T,A,0
282,T,I,0
283,D,-,0
283,D,A,0
283,D,E,0
283,D,G,0
283,D,H,0
283,D,N,0
283,D,Q,0
283,D,R,0
283,D,Y,0
284,A,C,0
284,A,G,0
284,A,S,0
284,A,T,0
284,A,V,0
285,V,-,0
285,V,A,0
285,V,C,0
285,V,I,0
285,V,L,0
285,V,Q,0
286,D,E,0
286,D,N,0
287,C,-,0
287,C,L,0
287,C,R,0
287,C,V,0
287,C,Y,0
288,A,C,0
288,A,G,0
288,A,K,0
288,A,R,0
288,A,S,0
288,A,T,0
288,A,V,0
289,L,F,0
289,L,I,0
289,L,M,0
289,L,T,0
290,D,C,0
290,D,E,0
290,D,G,0
290,D,N,0
291,P,L,0
292,L,I,0
294,E,F,0
294,E,K,0
294,E,R,0
295,T,A,0
295,T,I,0
295,T,L,0
296,K,Q,0
296,K,R,0
298,T,S,0
298,T,Y,0
299,L,F,0
299,L,I,0
299,L,V,0
300,K,E,0
300,K,I,0
300,K,N,0
300,K,Q,0
300,K,R,0
301,S,A,0
301,S,I,0
301,S,N,0
301,S,T,0
302,F,L,0
302,F,N,0
303,T,A,0
303,T,H,0
303,T,I,0
303,T,K,0
303,T,N,0
303,T,S,0
304,V,L,0
305,E,A,0
305,E,D,0
305,E,G,0
305,E,K,0
305,E,Q,0
305,E,R,0
306,K,R,0
307,G,S,0
308,I,L,0
308,I,M,0
308,I,T,0
308,I,V,0
309,Y,F,0
309,Y,H,0
309,Y,I,0
310,Q,E,0
310,Q,G,0
310,Q,H,0
310,Q,K,0
310,Q,L,0
310,Q,P,0
310,Q,R,0
310,Q,T,0
311,T,I,0
311,T,L,0
311,T,N,0
311,T,S,0
312,S,A,0
312,S,F,0
312,S,G,0
312,S,N,0
312,S,Y,0
313,N,I,0
313,N,S,0
313,N,T,0
313,N,Y,0
314,F,L,0
314,F,S,0
314,F,Y,0
315,R,G,0
315,R,K,0
316,V,A,0
316,V,F,0
316,V,I,0
316,V,S,0
317,Q,E,0
317,Q,H,0
317,Q,K,0
317,Q,L,0
317,Q,N,0
317,Q,P,0
317,Q,R,0
317,Q,S,0
318,P,A,0
318,P,Q,0
319,T,A,0
319,T,C,0
319,T,D,0
319,T,E,0
319,T,F,0
319,T,G,0
319,T,H,0
319,T,I,0
319,T,K,0
319,T,L,0
319,T,M,0
319,T,N,0
319,T,Q,0
319,T,R,0
319,T,S,0
319,T,V,0
319,T,W,0
319,T,Y,0
320,E,A,0
320,E,D,0
320,E,G,0
320,E,K,0
320,E,N,0
320,E,Q,0
320,E,T,0
320,E,V,0
321,S,F,0
321,S,G,0
321,S,L,0
321,S,N,0
321,S,R,0
321,S,Y,0
322,I,V,0
323,V,A,0
323,V,C,0
323,V,I,0
323,V,L,0
323,V,Y,0
325,F,L,0
325,F,V,0
326,P,L,0
326,P,S,0
326,P,T,0
327,N,D,0
327,N,E,0
327,N,H,0
327,N,R,0
327,N,S,0
327,N,T,0
328,I,K,0
328,I,L,0
328,I,T,0
328,I,V,0
328,I,Y,0
329,T,F,0
329,T,I,0
329,T,K,0
329,T,S,0
329,T,Y,0
330,N,K,0
330,N,S,0
330,N,T,1
331,L,F,0
331,L,G,1
331,L,P,1
331,L,S,0
331,L,V,1
333,P,H,1
333,P,L,0
333,P,R,0
333,P,S,1
333,P,T,1
334,F,I,0
335,H,A,0
335,H,C,0
335,H,D,0
335,H,E,0
335,H,F,0
335,H,G,0
335,H,I,0
335,H,K,0
335,H,L,0
335,H,M,0
335,H,N,0
335,H,P,0
335,H,Q,0
335,H,R,0
335,H,S,0
335,H,T,0
335,H,V,0
335,H,W,0
335,H,Y,0
336,E,A,0
336,E,D,0
336,E,G,0
336,E,K,0
336,E,Q,0
336,E,R,0
336,E,S,0
336,E,V,0
337,V,A,0
337,V,D,0
337,V,I,0
337,V,L,0
337,V,S,0
338,F,I,0
338,F,L,0
338,F,Y,0
339,N,S,0
340,A,D,0
340,A,S,0
340,A,T,0
340,A,V,0
341,T,-,0
341,T,A,0
341,T,H,0
341,T,I,0
341,T,S,0
342,T,A,0
342,T,C,0
342,T,D,0
342,T,E,0
342,T,F,0
342,T,G,0
342,T,H,0
342,T,I,0
342,T,K,0
342,T,L,0
342,T,M,0
342,T,N,0
342,T,P,1
342,T,Q,0
342,T,R,0
342,T,S,0
342,T,V,0
342,T,Y,0
343,F,A,0
343,F,C,0
343,F,G,0
343,F,I,0
343,F,L,0
343,F,M,0
343,F,P,0
343,F,S,0
343,F,T,0
343,F,V,0
343,F,W,0
343,F,Y,0
344,A,C,0
344,A,D,0
344,A,E,0
344,A,F,0
344,A,G,0
344,A,H,0
344,A,I,0
344,A,K,0
344,A,L,0
344,A,M,0
344,A,N,0
344,A,P,0
344,A,Q,0
344,A,S,0
344,A,T,0
344,A,V,0
344,A,W,0
344,A,Y,0
345,S,A,0
345,S,P,0
345,S,T,0
346,V,I,0
347,Y,F,0
347,Y,H,0
347,Y,I,0
347,Y,M,0
348,A,C,0
348,A,D,0
348,A,G,0
348,A,H,0
348,A,I,1
348,A,L,0
348,A,N,0
348,A,S,0
348,A,T,0
348,A,V,1
348,A,Y,1
349,W,R,0
350,N,D,0
350,N,E,0
350,N,H,0
350,N,K,0
350,N,S,0
350,N,T,0
351,R,S,0
352,K,C,0
352,K,D,0
352,K,E,0
352,K,F,1
352,K,H,1
352,K,I,0
352,K,L,0
352,K,M,0
352,K,N,0
352,K,Q,0
352,K,R,0
352,K,S,0
352,K,T,1
352,K,V,0
352,K,W,0
352,K,Y,0
353,R,C,0
353,R,D,0
353,R,E,1
353,R,G,1
353,R,H,1
353,R,I,0
353,R,K,0
353,R,L,1
353,R,M,1
353,R,N,1
353,R,P,1
353,R,Q,1
353,R,S,1
353,R,T,1
353,R,V,1
353,R,W,1
353,R,Y,1
354,I,L,0
354,I,V,0
355,S,A,0
355,S,C,1
355,S,D,1
355,S,G,0
355,S,I,0
355,S,L,0
355,S,N,0
355,S,R,0
355,S,T,0
356,N,D,1
356,N,K,0
356,N,L,0
356,N,S,0
356,N,T,0
358,V,F,0
358,V,I,1
358,V,L,0
358,V,M,0
359,A,G,0
359,A,L,1
359,A,S,1
359,A,T,0
359,A,V,1
360,D,G,0
360,D,N,0
360,D,S,0
361,Y,F,1
361,Y,S,0
361,Y,V,1
362,S,I,0
362,S,N,0
362,S,Y,0
363,V,A,0
363,V,C,1
363,V,F,0
363,V,I,0
363,V,L,1
363,V,M,0
363,V,S,0
363,V,Y,0
364,I,A,0
364,I,C,0
364,I,D,0
364,I,E,0
364,I,F,0
364,I,H,0
364,I,K,0
364,I,L,0
364,I,M,1
364,I,N,0
364,I,P,0
364,I,R,0
364,I,S,0
364,I,T,0
364,I,V,0
364,I,W,0
364,I,Y,0
365,Y,F,0
365,Y,H,0
365,Y,W,0
366,N,D,0
366,N,H,0
366,N,K,0
366,N,P,0
366,N,R,0
366,N,S,0
366,N,T,0
367,F,A,1
367,F,C,1
367,F,D,0
367,F,E,1
367,F,G,0
367,F,H,0
367,F,I,1
367,F,K,0
367,F,L,0
367,F,M,1
367,F,N,0
367,F,P,0
367,F,Q,0
367,F,R,0
367,F,S,0
367,F,T,0
367,F,V,0
367,F,W,0
367,F,Y,1
368,A,G,0
368,A,P,0
368,A,Q,0
368,A,R,0
368,A,S,0
368,A,T,0
368,A,V,0
369,P,A,0
369,P,C,0
369,P,D,0
369,P,E,0
369,P,F,0
369,P,G,0
369,P,H,0
369,P,I,0
369,P,K,0
369,P,L,0
369,P,M,0
369,P,N,0
369,P,Q,0
369,P,R,0
369,P,S,0
369,P,T,0
369,P,V,0
369,P,W,0
369,P,Y,0
370,F,I,1
370,F,L,0
370,F,S,0
370,F,Y,0
371,F,A,0
371,F,C,1
371,F,D,0
371,F,E,0
371,F,G,0
371,F,H,0
371,F,I,1
371,F,L,1
371,F,M,1
371,F,N,0
371,F,P,0
371,F,Q,0
371,F,S,0
371,F,T,0
371,F,V,0
371,F,W,1
371,F,Y,0
372,A,C,0
372,A,D,1
372,A,E,0
372,A,F,0
372,A,G,1
372,A,H,0
372,A,I,0
372,A,K,0
372,A,L,0
372,A,M,0
372,A,N,0
372,A,P,0
372,A,Q,0
372,A,R,0
372,A,S,0
372,A,T,0
372,A,V,0
372,A,W,0
372,A,Y,0
373,F,L,0
373,F,R,0
373,F,S,0
373,F,Y,0
374,K,E,0
374,K,M,0
374,K,N,0
374,K,R,0
374,K,V,0
376,Y,F,0
376,Y,S,0
377,G,L,0
377,G,N,0
377,G,R,0
378,V,L,0
379,S,A,0
379,S,C,0
379,S,D,0
379,S,G,0
379,S,H,0
380,P,A,0
380,P,H,0
380,P,L,0
380,P,Q,0
380,P,S,0
381,T,A,0
381,T,C,0
381,T,D,0
381,T,F,0
381,T,G,0
381,T,H,0
381,T,I,0
381,T,K,0
381,T,L,0
381,T,M,0
381,T,N,0
381,T,P,0
381,T,Q,0
381,T,R,0
381,T,S,1
381,T,V,0
381,T,W,0
381,T,Y,0
382,K,R,0
383,L,V,0
384,N,D,0
384,N,R,0
384,N,S,0
384,N,V,0
385,D,E,0
385,D,G,0
385,D,N,0
386,L,I,0
386,L,M,0
388,F,L,0
388,F,S,0
388,F,Y,0
389,T,A,1
389,T,E,1
389,T,I,0
389,T,M,0
390,N,L,0
390,N,Q,0
390,N,S,0
390,N,T,0
390,N,Y,0
391,V,F,1
391,V,I,0
391,V,L,0
392,Y,F,0
392,Y,H,0
393,A,L,0
393,A,S,0
393,A,T,0
393,A,V,0
395,S,A,0
396,F,L,0
397,V,I,0
397,V,L,0
398,I,L,0
398,I,M,0
398,I,V,0
399,R,C,0
399,R,D,0
399,R,E,0
399,R,G,0
399,R,I,0
399,R,K,0
399,R,L,0
399,R,M,0
399,R,N,0
399,R,P,0
399,R,Q,0
399,R,S,0
399,R,T,0
399,R,V,0
399,R,W,0
399,R,Y,0
400,G,E,0
400,G,R,0
400,G,S,0
401,N,A,0
401,N,C,0
401,N,D,0
401,N,E,0
401,N,F,0
401,N,G,0
401,N,H,0
401,N,I,0
401,N,K,0
401,N,L,0
401,N,M,0
401,N,P,0
401,N,Q,0
401,N,R,0
401,N,S,0
401,N,T,0
401,N,V,0
401,N,Y,0
402,E,D,0
402,E,Q,0
403,V,I,0
403,V,M,0
404,S,A,0
404,S,C,0
404,S,D,0
404,S,E,0
404,S,F,1
404,S,G,0
404,S,H,1
404,S,I,0
404,S,K,0
404,S,L,0
404,S,M,0
404,S,N,0
404,S,P,0
404,S,Q,0
404,S,R,0
404,S,T,0
404,S,V,0
404,S,W,1
404,S,Y,1
405,Q,K,0
406,I,L,0
406,I,M,0
406,I,S,0
406,I,V,0
407,A,C,0
407,A,G,0
407,A,S,0
407,A,T,0
407,A,V,0
409,G,A,0
409,G,E,0
409,G,K,0
409,G,R,0
409,G,S,0
409,G,V,0
410,Q,H,0
410,Q,K,0
410,Q,L,0
411,T,A,0
411,T,I,0
411,T,K,0
411,T,L,0
411,T,N,0
411,T,S,0
412,G,N,0
413,N,A,0
413,N,C,0
413,N,D,0
413,N,E,0
413,N,F,0
413,N,G,0
413,N,H,0
413,N,I,0
413,N,K,0
413,N,L,0
413,N,M,0
413,N,P,0
413,N,Q,0
413,N,R,0
413,N,S,0
413,N,T,0
413,N,V,0
413,N,W,0
413,N,Y,0
414,I,V,0
415,A,I,0
415,A,V,0
416,D,A,0
416,D,C,1
416,D,E,0
416,D,F,1
416,D,G,1
416,D,H,0
416,D,I,0
416,D,K,0
416,D,M,0
416,D,N,1
416,D,Q,0
416,D,R,1
416,D,S,1
416,D,T,0
416,D,V,0
416,D,W,1
416,D,Y,0
417,Y,A,0
417,Y,C,0
417,Y,D,0
417,Y,E,0
417,Y,F,0
417,Y,H,0
417,Y,I,0
417,Y,K,0
417,Y,L,1
417,Y,M,0
417,Y,N,0
417,Y,R,1
417,Y,S,0
417,Y,T,0
417,Y,V,0
417,Y,W,0
419,Y,F,0
420,K,N,0
420,K,Q,0
420,K,Y,0
421,L,M,0
422,P,S,0
422,P,T,0
423,D,A,0
423,D,E,0
423,D,G,0
423,D,H,0
423,D,N,0
423,D,R,0
423,D,Y,0
424,D,E,0
424,D,G,1
424,D,Y,1
425,F,L,0
426,T,A,0
426,T,I,0
426,T,S,0
429,V,M,0
430,I,L,0
430,I,M,0
430,I,V,0
431,A,I,0
431,A,S,0
431,A,T,1
431,A,V,0
432,W,L,0
432,W,R,0
434,S,N,0
435,N,A,0
435,N,D,0
435,N,F,1
435,N,H,0
435,N,I,0
435,N,M,0
435,N,S,0
435,N,T,0
435,N,Y,0
436,K,A,0
436,K,E,1
436,K,F,0
436,K,I,0
436,K,M,0
436,K,N,1
436,K,P,1
436,K,Q,1
436,K,R,0
436,K,S,0
436,K,T,0
436,K,V,0
436,K,W,1
436,K,Y,0
437,L,F,0
437,L,I,0
437,L,P,0
437,L,R,0
439,S,A,0
439,S,G,0
439,S,N,0
440,K,-,1
440,K,A,0
440,K,C,0
440,K,D,1
440,K,E,0
440,K,G,0
440,K,H,0
440,K,M,0
440,K,N,0
440,K,P,0
440,K,Q,0
440,K,R,0
440,K,S,0
440,K,T,0
440,K,W,0
441,P,-,0
441,P,A,0
441,P,D,0
441,P,E,0
441,P,F,0
441,P,G,0
441,P,H,0
441,P,I,0
441,P,L,0
441,P,M,0
441,P,N,0
441,P,Q,0
441,P,R,0
441,P,S,0
441,P,T,0
441,P,V,0
441,P,W,0
441,P,Y,0
442,S,-,0
442,S,A,0
442,S,D,0
442,S,F,0
442,S,G,0
442,S,H,0
442,S,I,0
442,S,K,0
442,S,N,0
442,S,P,0
442,S,Q,0
442,S,R,0
442,S,T,0
442,S,V,0
442,S,W,0
442,S,Y,0
443,G,-,1
443,G,A,0
443,G,C,0
443,G,D,0
443,G,E,0
443,G,F,0
443,G,H,0
443,G,I,0
443,G,K,0
443,G,M,0
443,G,N,1
443,G,P,0
443,G,Q,1
443,G,R,0
443,G,S,1
443,G,T,0
443,G,V,0
443,G,W,0
443,G,Y,1
444,N,-,0
444,N,D,0
444,N,K,0
444,N,S,0
444,N,T,0
444,N,Y,0
445,Y,-,0
445,Y,A,0
445,Y,C,0
445,Y,D,0
445,Y,E,0
445,Y,F,0
445,Y,G,0
445,Y,H,0
445,Y,I,0
445,Y,K,0
445,Y,L,0
445,Y,M,0
445,Y,N,0
445,Y,P,0
445,Y,Q,0
445,Y,R,0
445,Y,S,0
445,Y,T,0
445,Y,V,0
445,Y,W,0
446,N,A,0
446,N,C,0
446,N,D,0
446,N,E,0
446,N,F,0
446,N,G,0
446,N,H,0
446,N,I,1
446,N,K,0
446,N,L,0
446,N,M,0
446,N,P,1
446,N,Q,0
446,N,R,0
446,N,S,0
446,N,T,1
446,N,V,0
446,N,W,0
446,N,Y,0
447,Y,A,0
447,Y,C,0
447,Y,D,0
447,Y,F,0
447,Y,H,0
447,Y,I,0
447,Y,K,0
447,Y,L,0
447,Y,M,0
447,Y,N,1
447,Y,P,0
447,Y,Q,0
447,Y,R,0
447,Y,S,0
447,Y,T,0
447,Y,W,1
448,L,A,0
448,L,C,0
448,L,D,0
448,L,E,0
448,L,F,0
448,L,G,0
448,L,H,0
448,L,I,0
448,L,K,0
448,L,M,0
448,L,N,0
448,L,P,0
448,L,Q,0
448,L,R,0
448,L,S,0
448,L,T,0
448,L,V,0
448,L,W,0
448,L,Y,1
449,Y,E,0
449,Y,F,0
449,Y,H,0
449,Y,I,0
449,Y,K,0
449,Y,L,0
449,Y,M,0
449,Y,N,1
449,Y,Q,0
449,Y,R,0
449,Y,S,0
449,Y,T,0
449,Y,W,0
450,R,K,0
451,L,A,0
451,L,E,1
451,L,F,0
451,L,H,1
451,L,I,0
451,L,M,0
451,L,N,1
451,L,P,1
451,L,Q,1
451,L,R,1
451,L,S,1
451,L,T,0
451,L,V,0
451,L,W,0
451,L,Y,0
452,F,A,1
452,F,D,0
452,F,G,0
452,F,H,0
452,F,I,0
452,F,L,0
452,F,N,0
452,F,R,1
452,F,S,1
452,F,T,1
452,F,V,0
452,F,W,0
452,F,Y,1
453,R,G,0
453,R,S,0
454,K,E,0
454,K,L,0
454,K,N,0
454,K,R,0
454,K,S,0
454,K,T,0
455,S,A,0
455,S,F,0
455,S,K,0
455,S,N,0
455,S,P,0
455,S,Y,0
456,K,D,0
456,K,E,0
456,K,L,0
456,K,M,0
456,K,N,0
456,K,Q,0
456,K,R,0
456,K,S,0
456,K,T,0
456,K,V,0
456,K,W,0
456,K,Y,0
457,L,I,0
458,K,C,0
458,K,D,0
458,K,E,0
458,K,F,0
458,K,G,0
458,K,H,0
458,K,I,0
458,K,M,0
458,K,N,0
458,K,Q,0
458,K,R,0
458,K,S,0
458,K,T,1
458,K,V,0
458,K,W,0
458,K,Y,0
459,P,A,0
459,P,T,1
460,F,L,0
460,F,S,0
460,F,Y,0
461,E,D,0
461,E,G,0
461,E,K,0
462,R,I,0
462,R,K,0
462,R,M,0
464,I,A,0
464,I,C,0
464,I,D,0
464,I,E,0
464,I,F,0
464,I,G,0
464,I,H,0
464,I,K,0
464,I,L,0
464,I,M,0
464,I,P,0
464,I,Q,0
464,I,R,0
464,I,S,0
464,I,T,0
464,I,V,0
464,I,Y,0
465,S,A,0
465,S,C,0
465,S,G,0
465,S,L,0
465,S,N,0
466,T,A,0
466,T,I,0
466,T,K,0
466,T,N,0
466,T,S,0
467,E,A,0
467,E,D,0
467,E,G,0
467,E,K,0
467,E,Q,1
467,E,S,0
467,E,V,0
468,I,E,0
468,I,F,0
468,I,K,0
468,I,L,0
468,I,M,0
468,I,N,0
468,I,R,1
468,I,S,0
468,I,T,0
468,I,V,0
468,I,W,0
468,I,Y,0
469,Y,A,1
469,Y,C,0
469,Y,D,1
469,Y,E,1
469,Y,F,0
469,Y,G,1
469,Y,H,0
469,Y,I,1
469,Y,K,1
469,Y,L,0
469,Y,M,0
469,Y,N,1
469,Y,P,0
469,Y,Q,1
469,Y,R,1
469,Y,S,1
469,Y,T,1
469,Y,V,1
469,Y,W,0
470,Q,E,0
470,Q,H,0
470,Q,K,0
470,Q,R,0
471,A,D,1
471,A,F,0
471,A,G,1
471,A,I,0
471,A,K,1
471,A,L,0
471,A,M,0
471,A,N,0
471,A,P,0
471,A,S,0
471,A,T,0
471,A,V,0
471,A,W,0
472,G,A,0
472,G,D,1
472,G,K,0
472,G,S,0
472,G,T,0
472,G,V,0
473,N,D,0
473,N,F,0
473,N,G,0
473,N,H,0
473,N,I,0
473,N,K,0
473,N,M,0
473,N,P,0
473,N,S,0
473,N,T,0
473,N,Y,0
474,K,D,0
474,K,E,0
474,K,F,0
474,K,I,0
474,K,L,0
474,K,M,0
474,K,N,0
474,K,R,0
474,K,T,0
474,K,V,0
474,K,W,0
474,K,Y,0
475,P,H,0
475,P,L,0
475,P,S,0
475,P,T,0
477,N,D,0
477,N,I,0
477,N,K,0
477,N,S,0
477,N,T,0
477,N,Y,0
478,G,A,0
478,G,D,0
478,G,R,0
478,G,S,0
478,G,V,0
479,V,-,0
479,V,A,0
479,V,C,0
479,V,D,0
479,V,E,0
479,V,F,0
479,V,G,0
479,V,H,0
479,V,I,0
479,V,K,0
479,V,L,0
479,V,M,0
479,V,N,0
479,V,P,0
479,V,Q,0
479,V,R,0
479,V,S,0
479,V,T,0
479,V,W,0
479,V,Y,0
480,A,-,0
480,A,C,0
480,A,D,0
480,A,F,0
480,A,G,0
480,A,H,0
480,A,I,0
480,A,L,0
480,A,M,0
480,A,N,0
480,A,P,0
480,A,Q,0
480,A,R,0
480,A,S,0
480,A,T,0
480,A,V,0
480,A,W,0
480,A,Y,0
481,G,-,0
481,G,A,0
481,G,C,0
481,G,D,0
481,G,E,0
481,G,F,0
481,G,H,0
481,G,I,0
481,G,N,0
481,G,P,0
481,G,R,0
481,G,S,0
481,G,T,0
481,G,V,0
481,G,W,0
481,G,Y,0
482,P,-,0
482,P,A,0
482,P,D,0
482,P,E,0
482,P,F,0
482,P,G,0
482,P,H,0
482,P,I,0
482,P,L,0
482,P,M,0
482,P,N,0
482,P,Q,0
482,P,R,0
482,P,S,0
482,P,T,0
482,P,V,0
482,P,W,0
482,P,Y,0
483,N,D,1
483,N,K,0
483,N,S,0
483,N,T,1
484,C,V,0
485,Y,H,0
485,Y,L,0
485,Y,W,0
486,F,A,0
486,F,C,0
486,F,D,0
486,F,E,0
486,F,H,0
486,F,I,0
486,F,L,0
486,F,M,0
486,F,N,0
486,F,R,0
486,F,S,0
486,F,T,0
486,F,V,1
486,F,W,0
486,F,Y,1
487,P,L,0
487,P,T,0
488,L,F,0
488,L,T,0
489,Q,E,0
489,Q,H,0
489,Q,K,0
489,Q,L,0
490,S,A,0
490,S,D,0
490,S,F,0
490,S,N,0
490,S,P,0
490,S,T,0
490,S,Y,0
491,Y,H,0
491,Y,I,0
492,G,A,0
492,G,C,0
492,G,D,0
492,G,N,0
492,G,S,0
492,G,T,0
492,G,V,0
494,R,G,0
494,R,H,0
494,R,I,0
494,R,K,0
494,R,L,0
494,R,M,0
494,R,N,0
494,R,S,0
494,R,V,0
494,R,W,0
495,P,H,0
495,P,L,0
495,P,S,0
495,P,T,0
496,T,A,0
496,T,N,0
496,T,S,0
497,Y,A,0
497,Y,D,0
497,Y,E,0
497,Y,F,0
497,Y,G,0
497,Y,H,0
497,Y,I,0
497,Y,M,0
497,Y,N,0
497,Y,P,0
497,Y,S,0
497,Y,T,0
497,Y,V,0
497,Y,W,0
499,V,A,0
499,V,L,0
499,V,M,0
500,G,A,0
500,G,C,0
500,G,D,0
500,G,F,1
500,G,I,0
500,G,N,0
500,G,R,0
500,G,S,0
500,G,T,0
500,G,V,0
500,G,W,0
500,G,Y,0
501,H,A,0
501,H,C,0
501,H,D,0
501,H,E,0
501,H,F,0
501,H,G,0
501,H,I,0
501,H,K,0
501,H,L,0
501,H,N,0
501,H,P,0
501,H,Q,0
501,H,R,0
501,H,S,0
501,H,T,0
501,H,Y,0
504,Y,C,0
504,Y,H,0
506,V,I,0
506,V,L,0
507,V,L,0
509,L,F,0
509,L,I,0
509,L,M,0
509,L,P,0
510,S,A,1
510,S,F,0
510,S,N,0
510,S,T,0
510,S,Y,0
511,F,L,0
512,E,A,0
512,E,D,0
512,E,K,0
512,E,Q,0
513,L,F,0
513,L,I,0
513,L,P,0
513,L,V,0
514,L,F,1
514,L,I,1
514,L,P,1
514,L,Q,0
514,L,V,0
515,H,D,0
515,H,L,0
515,H,N,0
515,H,Q,0
515,H,R,0
515,H,Y,1
516,A,E,0
516,A,G,1
516,A,P,0
516,A,S,0
516,A,T,0
516,A,V,0
517,P,L,0
517,P,Q,0
517,P,R,0
517,P,S,0
517,P,T,0
518,A,E,0
518,A,P,0
518,A,S,0
518,A,T,0
518,A,V,0
519,T,A,0
519,T,I,0
519,T,N,0
519,T,P,0
519,T,S,0
523,P,S,0
524,K,E,0
524,K,I,0
524,K,R,0
525,K,E,0
525,K,N,0
525,K,Q,0
525,K,R,0
525,K,T,0
526,S,N,0
528,N,D,0
528,N,H,0
528,N,I,0
528,N,K,0
528,N,S,0
528,N,T,0
528,N,Y,0
530,V,I,0
530,V,L,0
531,K,R,0
531,K,T,0
532,N,D,0
532,N,K,0
532,N,Q,0
532,N,S,0
533,K,M,0
533,K,R,0
535,V,I,0
536,N,D,0
536,N,H,0
536,N,K,0
536,N,S,0
536,N,T,0
536,N,Y,0
539,F,V,0
542,L,F,0
542,L,I,0
542,L,V,0
543,T,A,0
543,T,F,0
543,T,I,0
543,T,K,0
543,T,M,0
543,T,R,0
543,T,S,0
545,T,A,0
545,T,I,0
545,T,Q,0
545,T,S,0
547,V,F,0
547,V,M,0
548,L,I,0
548,L,V,0
549,T,I,0
550,E,D,0
550,E,G,0
550,E,K,0
550,E,Q,0
550,E,V,0
552,N,D,0
552,N,I,0
552,N,K,0
552,N,S,0
552,N,T,0
552,N,Y,0
554,K,E,0
554,K,M,0
554,K,N,0
554,K,Q,0
554,K,R,0
554,K,S,0
556,L,Q,0
557,P,A,0
557,P,H,0
557,P,S,0
560,Q,L,0
561,F,I,0
561,F,L,0
561,F,Y,0
562,G,S,0
563,R,I,0
563,R,K,0
563,R,S,0
564,D,G,0
564,D,N,0
565,I,F,0
565,I,L,0
565,I,M,0
565,I,T,0
565,I,V,0
566,A,D,0
566,A,G,0
566,A,S,0
566,A,T,1
566,A,V,0
566,A,Y,0
567,D,E,0
567,D,G,1
567,D,Y,0
568,T,A,0
568,T,D,0
568,T,E,0
568,T,G,0
568,T,H,1
568,T,I,0
568,T,K,1
568,T,L,0
568,T,M,0
568,T,N,0
568,T,Q,0
568,T,R,0
568,T,S,0
568,T,V,0
568,T,W,0
568,T,Y,0
569,T,A,0
569,T,I,0
569,T,L,0
570,D,N,0
570,D,V,0
570,D,Y,0
571,A,G,0
571,A,S,0
571,A,T,0
572,V,I,0
573,R,K,0
576,Q,E,0
576,Q,H,0
576,Q,K,0
576,Q,L,0
576,Q,M,0
576,Q,R,0
577,T,S,0
578,L,F,1
578,L,R,0
579,E,A,0
579,E,D,0
579,E,G,0
579,E,K,0
579,E,M,0
579,E,Q,0
579,E,R,0
579,E,S,0
579,E,V,0
581,L,F,0
581,L,I,0
582,D,G,0
582,D,N,0
583,I,L,0
583,I,V,0
584,T,I,0
584,T,K,0
584,T,R,0
584,T,S,0
587,S,A,0
587,S,F,0
587,S,T,0
588,F,L,0
588,F,S,0
588,F,V,0
589,G,V,0
590,G,D,0
590,G,E,0
590,G,F,0
590,G,R,0
592,S,F,0
592,S,N,0
593,V,I,0
594,I,V,0
595,T,I,0
599,N,D,0
599,N,H,0
599,N,I,0
599,N,K,0
599,N,R,0
599,N,S,0
599,N,T,0
600,T,A,0
600,T,I,0
600,T,N,0
601,S,G,0
602,N,D,0
602,N,K,0
602,N,S,0
602,N,T,0
602,N,Y,0
603,Q,H,0
603,Q,K,0
603,Q,L,0
603,Q,R,0
604,V,F,0
604,V,I,0
606,V,I,0
606,V,L,0
607,L,F,0
607,L,V,0
608,Y,F,0
609,Q,E,0
609,Q,F,0
609,Q,G,0
609,Q,H,0
609,Q,I,0
609,Q,K,0
609,Q,L,0
609,Q,M,0
609,Q,N,0
609,Q,P,0
609,Q,R,1
609,Q,S,0
609,Q,T,0
609,Q,V,0
609,Q,W,0
609,Q,Y,0
610,G,A,0
610,G,D,1
610,G,E,0
610,G,R,0
610,G,S,0
611,V,F,0
611,V,I,0
611,V,L,0
611,V,M,0
612,N,D,0
612,N,K,0
612,N,S,0
614,T,A,0
614,T,I,0
614,T,K,0
614,T,R,0
614,T,S,0
615,E,D,0
615,E,G,0
615,E,K,0
615,E,Q,0
615,E,V,0
616,V,I,0
616,V,L,0
617,P,A,0
617,P,C,0
617,P,E,0
617,P,F,0
617,P,H,0
617,P,I,0
617,P,K,0
617,P,L,0
617,P,M,0
617,P,N,0
617,P,Q,0
617,P,R,0
617,P,S,0
617,P,T,0
617,P,V,0
617,P,W,0
618,V,A,0
618,V,F,0
618,V,G,1
618,V,I,0
618,V,L,0
618,V,M,0
619,A,L,1
619,A,S,0
619,A,T,0
619,A,V,0
620,I,L,0
620,I,M,0
620,I,T,0
620,I,V,0
621,H,N,0
621,H,Q,0
621,H,R,0
621,H,Y,0
622,A,Q,0
622,A,S,0
622,A,T,0
622,A,V,0
623,D,A,0
623,D,E,0
623,D,G,0
623,D,H,0
623,D,N,0
623,D,Y,0
624,Q,E,0
624,Q,K,0
624,Q,L,0
624,Q,R,0
625,L,F,0
625,L,I,0
626,T,A,0
626,T,I,0
626,T,N,0
626,T,S,0
627,P,H,0
627,P,L,0
627,P,S,0
627,P,T,0
628,T,A,0
628,T,I,0
628,T,N,0
628,T,S,0
629,W,R,0
630,R,G,0
630,R,K,0
630,R,L,0
631,V,A,0
631,V,F,0
631,V,G,0
631,V,I,0
632,Y,F,0
632,Y,H,0
633,S,A,0
633,S,C,0
633,S,N,0
634,T,A,0
634,T,I,0
634,T,K,0
634,T,R,0
634,T,S,0
635,G,A,0
635,G,D,0
635,G,R,0
635,G,S,0
636,S,C,0
636,S,F,0
636,S,N,0
636,S,P,0
636,S,T,0
636,S,Y,0
637,N,D,0
637,N,H,0
637,N,K,0
637,N,R,0
637,N,S,0
637,N,T,0
637,N,Y,0
638,V,A,0
638,V,F,0
638,V,G,0
638,V,I,0
638,V,L,0
638,V,M,0
639,F,I,0
639,F,L,0
640,Q,K,0
640,Q,T,0
641,T,I,0
642,R,G,0
642,R,H,0
642,R,K,0
642,R,L,0
643,A,S,0
643,A,T,0
643,A,V,0
644,G,D,0
647,I,M,0
647,I,V,0
649,A,T,0
649,A,V,0
650,E,A,0
650,E,D,0
650,E,K,0
650,E,Q,0
650,E,R,0
650,E,T,0
650,E,V,0
651,Y,C,0
651,Y,D,0
651,Y,F,0
651,Y,H,0
651,Y,I,0
651,Y,K,0
651,Y,L,0
651,Y,M,0
651,Y,P,0
651,Y,R,0
651,Y,W,0
652,V,A,0
652,V,I,0
652,V,M,0
653,N,D,0
653,N,K,0
653,N,S,0
653,N,Y,0
654,N,D,0
654,N,H,0
654,N,I,0
654,N,K,0
654,N,S,0
654,N,T,0
654,N,V,0
654,N,Y,0
655,S,A,0
655,S,L,0
655,S,P,0
655,S,T,0
655,S,Y,0
656,Y,F,0
656,Y,H,0
656,Y,L,0
657,E,A,0
657,E,D,0
657,E,G,0
657,E,K,0
657,E,Q,0
657,E,V,0
663,G,F,0
664,A,G,0
664,A,S,0
664,A,T,0
664,A,V,0
666,I,M,0
666,I,V,0
667,C,R,0
668,A,T,0
668,A,V,0
669,S,G,0
669,S,R,0
669,S,T,0
670,Y,F,0
670,Y,H,0
671,Q,H,0
671,Q,K,0
671,Q,L,0
671,Q,P,0
671,Q,R,0
672,T,A,0
672,T,I,0
672,T,N,0
672,T,P,0
672,T,R,0
672,T,S,0
673,Q,E,0
673,Q,H,0
673,Q,K,0
673,Q,L,0
673,Q,P,0
673,Q,R,0
674,T,A,0
674,T,I,0
674,T,N,0
674,T,P,0
674,T,S,0
675,K,A,0
675,K,C,0
675,K,D,0
675,K,E,0
675,K,F,0
675,K,G,0
675,K,H,0
675,K,I,0
675,K,L,0
675,K,M,0
675,K,N,0
675,K,P,0
675,K,Q,0
675,K,R,0
675,K,S,0
675,K,T,0
675,K,V,0
675,K,W,0
675,K,Y,0
676,S,A,0
676,S,F,0
676,S,N,0
676,S,P,0
676,S,R,0
676,S,T,0
676,S,W,0
676,S,Y,0
677,H,A,0
677,H,C,0
677,H,D,0
677,H,E,0
677,H,F,0
677,H,G,0
677,H,I,0
677,H,K,0
677,H,L,0
677,H,M,0
677,H,N,0
677,H,P,0
677,H,Q,0
677,H,R,0
677,H,S,0
677,H,T,0
677,H,V,0
677,H,W,0
677,H,Y,0
678,R,G,0
678,R,K,0
678,R,L,0
678,R,M,0
678,R,Q,0
678,R,W,0
679,R,G,0
679,R,K,0
679,R,L,0
679,R,Q,0
679,R,W,0
680,A,M,0
680,A,S,0
680,A,T,0
680,A,V,0
681,R,G,0
681,R,K,0
681,R,L,0
681,R,M,0
682,S,G,0
682,S,N,0
682,S,R,0
683,V,A,0
683,V,I,0
683,V,L,0
684,A,C,0
684,A,D,0
684,A,E,0
684,A,F,0
684,A,G,0
684,A,I,0
684,A,K,0
684,A,M,0
684,A,N,0
684,A,P,0
684,A,S,0
684,A,T,0
684,A,V,0
684,A,W,0
684,A,Y,0
685,S,D,0
685,S,G,0
685,S,I,0
685,S,N,0
685,S,R,0
685,S,T,0
686,Q,E,0
686,Q,H,0
686,Q,K,0
686,Q,L,0
686,Q,R,0
687,S,A,0
687,S,D,0
687,S,F,0
687,S,G,0
687,S,N,0
687,S,P,0
687,S,T,0
687,S,Y,0
688,I,F,0
688,I,M,0
689,I,V,0
690,A,T,0
690,A,V,0
692,T,I,0
692,T,N,0
693,M,I,0
693,M,L,0
695,L,I,0
697,A,E,0
697,A,G,0
697,A,P,0
697,A,S,0
697,A,T,0
697,A,V,0
698,E,A,0
698,E,D,0
698,E,K,0
698,E,Q,0
698,E,V,0
699,N,D,0
699,N,F,0
699,N,H,0
699,N,I,0
699,N,K,0
699,N,S,0
699,N,T,0
699,N,Y,0
700,S,A,0
700,S,C,0
700,S,D,0
700,S,E,0
700,S,F,0
700,S,G,0
700,S,H,0
700,S,I,0
700,S,K,0
700,S,L,0
700,S,M,0
700,S,N,0
700,S,P,0
700,S,Q,0
700,S,R,0
700,S,T,0
700,S,V,0
700,S,W,0
700,S,Y,0
701,V,I,0
701,V,L,0
701,V,M,0
702,A,G,0
702,A,P,0
702,A,S,0
702,A,T,0
704,S,A,0
704,S,G,0
704,S,N,0
704,S,T,0
705,N,K,0
705,N,S,0
705,N,Y,0
706,N,D,0
706,N,K,0
706,N,S,0
706,N,T,0
706,N,V,0
707,S,A,0
707,S,K,0
707,S,N,0
707,S,T,0
708,I,L,0
708,I,T,0
708,I,V,0
709,A,D,0
709,A,Q,0
709,A,S,0
709,A,T,0
710,I,L,0
710,I,V,0
711,P,S,0
712,T,A,0
712,T,K,0
712,T,S,0
713,N,D,0
713,N,K,0
713,N,S,0
713,N,T,0
714,F,I,0
715,T,I,0
715,T,N,0
715,T,S,0
717,S,I,0
718,V,I,0
719,T,I,0
719,T,S,0
719,T,V,0
720,T,A,0
720,T,I,0
720,T,P,0
720,T,S,0
724,P,L,0
724,P,S,0
726,S,F,0
726,S,Y,0
727,M,I,0
727,M,L,0
728,T,A,0
728,T,I,0
728,T,P,0
728,T,S,0
729,K,R,0
730,T,A,0
730,T,H,0
730,T,I,0
731,S,A,0
731,S,F,0
731,S,I,0
731,S,L,0
731,S,Q,0
732,V,I,0
732,V,L,0
733,D,E,0
733,D,Y,0
734,C,W,0
735,T,A,0
735,T,I,0
735,T,L,0
736,M,I,0
736,M,K,0
736,M,L,0
736,M,T,0
736,M,V,0
738,I,V,0
740,G,E,0
740,G,R,0
741,D,E,0
742,S,I,0
742,S,N,0
743,T,A,0
743,T,I,0
743,T,N,0
743,T,P,0
743,T,S,0
744,E,D,0
744,E,K,0
744,E,Q,0
744,E,V,0
746,S,G,0
746,S,I,0
746,S,N,0
746,S,T,0
747,N,D,0
747,N,F,0
747,N,H,0
747,N,I,0
747,N,K,0
747,N,S,0
747,N,T,0
747,N,Y,0
748,L,F,0
748,L,I,0
748,L,V,0
749,L,F,0
749,L,Q,0
749,L,V,0
750,L,C,0
750,L,F,0
750,L,I,0
750,L,S,0
750,L,V,0
751,Q,H,0
751,Q,N,1
753,G,A,0
753,G,D,0
753,G,N,0
753,G,W,0
754,S,A,0
754,S,G,0
754,S,I,0
754,S,Q,0
754,S,V,0
755,F,L,0
755,F,S,0
755,F,Y,0
757,T,A,0
757,T,C,0
757,T,I,0
757,T,R,0
757,T,S,0
758,Q,E,0
758,Q,H,0
758,Q,L,0
758,Q,N,0
759,L,F,0
759,L,I,0
759,L,M,0
760,K,A,0
760,K,C,0
760,K,D,0
760,K,E,0
760,K,F,0
760,K,G,0
760,K,H,0
760,K,I,0
760,K,L,0
760,K,M,0
760,K,N,0
760,K,Q,0
760,K,R,0
760,K,S,0
760,K,T,0
760,K,V,0
760,K,W,0
760,K,Y,0
761,R,C,0
761,R,G,0
761,R,H,0
761,R,L,0
761,R,S,0
761,R,V,0
762,A,F,0
762,A,L,0
762,A,S,0
762,A,T,0
762,A,V,0
764,T,A,0
764,T,H,0
764,T,I,0
764,T,N,0
764,T,S,0
765,G,A,0
765,G,D,0
765,G,E,0
765,G,N,0
765,G,R,0
765,G,S,0
765,G,V,0
766,I,M,0
766,I,V,0
767,A,N,0
767,A,S,0
767,A,T,0
768,V,F,0
768,V,L,0
768,V,M,0
769,E,D,0
772,K,Q,0
772,K,R,0
772,K,T,0
773,N,H,0
773,N,K,0
773,N,S,0
774,T,A,0
774,T,H,0
774,T,I,0
774,T,N,0
774,T,S,0
775,Q,H,0
775,Q,K,0
775,Q,R,0
776,E,A,0
776,E,D,0
776,E,G,0
776,E,K,0
776,E,N,0
776,E,Q,0
776,E,S,0
776,E,V,0
778,F,C,0
778,F,Y,0
779,A,E,0
779,A,K,0
779,A,S,0
779,A,T,0
779,A,V,0
780,Q,H,0
780,Q,K,0
780,Q,L,0
780,Q,R,0
781,V,I,0
781,V,M,0
781,V,Q,0
782,K,E,0
782,K,N,0
782,K,Q,0
782,K,R,0
783,Q,H,0
783,Q,K,0
783,Q,L,0
783,Q,N,0
783,Q,R,0
783,Q,Y,0
784,I,L,0
785,Y,F,0
785,Y,H,0
786,K,E,0
786,K,I,0
786,K,N,0
786,K,Q,0
786,K,R,0
786,K,T,0
787,T,A,0
787,T,H,0
787,T,I,0
787,T,K,0
787,T,N,0
787,T,P,0
788,P,H,0
788,P,L,0
788,P,Q,0
788,P,S,0
788,P,T,0
789,P,L,0
789,P,N,0
789,P,Q,0
789,P,R,0
789,P,S,0
789,P,T,0
790,I,F,0
791,K,E,0
791,K,I,0
791,K,N,0
791,K,Q,0
791,K,R,0
792,Y,C,0
792,Y,D,0
792,Y,F,0
792,Y,G,0
792,Y,I,0
792,Y,L,0
792,Y,N,0
792,Y,S,0
792,Y,W,0
793,F,C,0
793,F,L,0
793,F,V,0
794,G,C,0
794,G,D,0
794,G,S,0
794,G,W,0
795,G,D,0
797,N,D,0
798,F,L,0
799,S,F,0
799,S,H,0
799,S,L,0
799,S,N,0
799,S,T,0
800,Q,H,0
800,Q,K,0
800,Q,L,0
800,Q,P,0
800,Q,R,0
800,Q,T,0
801,I,L,0
801,I,M,0
802,L,I,0
802,L,M,0
802,L,V,0
803,P,L,0
803,P,Q,0
803,P,S,0
803,P,T,0
804,D,A,0
804,D,E,0
804,D,G,0
804,D,H,0
804,D,N,0
804,D,S,0
804,D,V,0
805,P,H,0
805,P,L,0
805,P,Q,0
805,P,R,0
805,P,S,0
805,P,T,0
806,S,A,0
806,S,L,0
806,S,N,0
806,S,R,0
806,S,T,0
807,K,E,0
807,K,I,0
807,K,N,0
807,K,Q,0
807,K,R,0
808,P,A,0
808,P,L,0
808,P,Q,0
808,P,R,0
808,P,S,0
808,P,T,0
809,S,A,0
809,S,G,0
809,S,I,0
809,S,N,0
809,S,R,0
809,S,T,0
810,K,E,0
810,K,M,0
810,K,N,0
810,K,Q,0
810,K,R,0
810,K,T,0
811,R,K,0
811,R,M,0
813,F,L,0
816,D,A,0
816,D,E,0
816,D,G,0
816,D,H,0
816,D,N,0
817,L,I,0
817,L,V,0
818,L,I,0
818,L,V,0
819,F,S,0
819,F,Y,0
820,N,D,0
820,N,S,0
820,N,T,0
820,N,Y,0
821,K,E,0
821,K,Q,0
821,K,R,0
821,K,T,0
822,V,I,0
822,V,L,0
822,V,M,0
823,T,A,0
823,T,I,0
823,T,S,0
824,L,F,0
824,L,I,0
824,L,M,0
825,A,L,0
825,A,S,0
825,A,T,0
825,A,V,0
826,D,E,0
826,D,G,0
826,D,N,0
826,D,Y,0
827,A,D,0
827,A,G,0
827,A,S,0
827,A,T,0
827,A,V,0
828,G,D,0
828,G,S,0
829,F,I,0
829,F,L,0
829,F,S,0
830,I,F,0
830,I,L,0
830,I,M,0
830,I,S,0
830,I,T,0
830,I,V,0
831,K,E,0
831,K,H,0
831,K,I,0
831,K,N,0
831,K,Q,0
831,K,R,0
831,K,T,0
832,Q,E,0
832,Q,H,0
832,Q,K,0
832,Q,L,0
832,Q,P,0
832,Q,R,0
833,Y,F,0
833,Y,H,0
833,Y,W,0
834,G,D,0
834,G,E,0
834,G,R,0
834,G,S,0
834,G,V,0
835,D,A,0
835,D,E,0
835,D,G,0
835,D,N,0
835,D,S,0
835,D,V,0
835,D,Y,0
837,L,F,0
837,L,I,0
837,L,R,0
838,G,A,0
838,G,C,0
838,G,D,0
838,G,E,0
838,G,R,0
838,G,S,0
838,G,V,0
839,D,A,0
839,D,E,0
839,D,G,0
839,D,N,0
839,D,Y,0
840,I,F,0
840,I,L,0
840,I,T,0
840,I,V,0
841,A,D,0
841,A,G,0
841,A,S,0
841,A,T,0
841,A,V,0
842,A,G,0
842,A,S,0
842,A,T,0
842,A,V,0
843,R,I,0
843,R,K,0
843,R,T,0
844,D,N,0
844,D,P,0
845,L,F,0
845,L,H,0
845,L,I,0
846,I,F,0
846,I,L,0
846,I,S,0
846,I,T,0
846,I,V,0
848,A,S,0
848,A,T,0
848,A,V,1
849,Q,H,0
849,Q,K,0
849,Q,L,0
849,Q,R,0
850,K,E,0
850,K,N,0
850,K,R,0
850,K,T,0
851,F,L,0
851,F,S,0
851,F,V,0
852,N,H,0
852,N,K,1
852,N,S,0
852,N,T,0
854,L,F,0
854,L,I,0
854,L,V,0
855,T,A,0
855,T,I,0
855,T,L,0
855,T,N,0
855,T,S,0
856,V,A,0
856,V,F,0
856,V,I,0
856,V,L,0
856,V,M,0
857,L,C,0
857,L,M,0
857,L,S,0
858,P,H,0
858,P,S,0
861,L,F,0
861,L,M,0
862,T,C,0
862,T,N,0
863,D,A,0
863,D,E,0
863,D,G,0
863,D,N,0
863,D,S,0
863,D,T,0
863,D,Y,0
864,E,A,0
864,E,D,0
864,E,G,0
864,E,K,0
864,E,L,0
864,E,Q,0
865,M,F,0
865,M,I,0
865,M,L,0
866,I,K,0
866,I,L,0
866,I,T,0
866,I,V,0
867,A,C,0
867,A,S,0
867,A,T,0
867,A,V,0
868,Q,K,0
868,Q,L,0
869,Y,H,0
870,T,I,0
870,T,N,0
870,T,V,0
871,S,A,0
871,S,F,0
871,S,T,0
872,A,C,0
872,A,S,0
872,A,T,0
873,L,M,0
873,L,P,0
874,L,I,0
875,A,S,0
875,A,T,0
875,A,V,0
877,T,A,0
877,T,I,0
878,I,L,0
878,I,T,0
878,I,V,0
879,T,A,0
879,T,C,0
879,T,D,0
879,T,E,0
879,T,G,0
879,T,I,0
879,T,L,0
879,T,M,0
879,T,N,0
879,T,P,0
879,T,S,0
879,T,V,0
879,T,Y,0
880,S,A,0
880,S,C,0
880,S,F,0
880,S,T,0
881,G,C,0
881,G,D,0
881,G,S,0
882,W,L,0
882,W,Y,0
883,T,A,0
883,T,I,0
883,T,N,0
884,F,I,0
884,F,L,0
885,G,R,0
885,G,S,0
885,G,W,0
886,A,L,0
886,A,S,0
886,A,T,0
886,A,V,0
888,A,S,0
888,A,T,0
888,A,V,0
889,A,S,0
889,A,T,0
889,A,V,0
891,Q,H,0
892,I,L,0
892,I,M,0
895,A,S,0
895,A,T,0
895,A,V,0
896,M,I,0
898,M,I,0
898,M,L,0
900,Y,F,0
900,Y,H,0
901,R,K,0
902,F,Y,0
903,N,S,0
903,N,T,0
904,G,S,0
905,I,V,0
906,G,E,0
906,G,R,0
907,V,I,0
907,V,L,0
908,T,A,0
908,T,I,0
909,Q,E,0
909,Q,K,0
911,V,I,0
912,L,F,0
914,E,A,0
914,E,D,0
914,E,K,0
914,E,Q,0
914,E,V,0
916,Q,L,0
917,K,E,0
917,K,I,0
917,K,N,0
917,K,Q,0
917,K,R,0
918,L,F,0
918,L,I,0
918,L,M,0
918,L,S,0
918,L,V,0
920,A,C,0
920,A,S,0
920,A,T,0
920,A,V,0
921,N,A,0
921,N,D,0
921,N,K,0
921,N,Q,0
921,N,S,0
921,N,Y,0
922,Q,H,0
922,Q,K,0
922,Q,L,0
922,Q,P,0
922,Q,R,0
923,F,I,0
923,F,L,0
925,S,G,0
925,S,I,0
925,S,N,0
925,S,R,0
925,S,T,0
925,S,Y,0
926,A,L,0
926,A,V,0
928,G,A,0
928,G,C,0
928,G,D,0
928,G,R,0
928,G,S,0
928,G,V,0
928,G,W,0
929,K,E,0
929,K,N,0
929,K,Q,0
929,K,R,0
930,I,F,0
930,I,L,0
930,I,M,0
930,I,V,0
931,Q,E,0
931,Q,H,0
931,Q,K,0
931,Q,R,0
931,Q,S,0
932,D,A,0
932,D,E,0
932,D,G,0
932,D,H,0
932,D,N,0
932,D,V,0
932,D,Y,0
933,S,A,0
933,S,H,0
933,S,L,0
933,S,T,0
934,L,F,0
934,L,I,0
934,L,M,0
935,S,A,0
935,S,F,0
935,S,T,0
935,S,Y,0
936,S,A,0
936,S,F,0
936,S,L,0
936,S,N,0
936,S,T,0
936,S,Y,0
937,T,A,0
937,T,F,0
937,T,I,0
937,T,P,0
937,T,S,0
938,A,D,0
938,A,S,0
938,A,T,0
938,A,V,0
939,S,F,0
939,S,G,0
939,S,I,0
939,S,N,0
939,S,P,0
939,S,T,0
939,S,Y,0
940,A,C,0
940,A,S,0
940,A,T,0
940,A,V,0
941,L,I,0
941,L,P,0
941,L,T,0
942,G,A,0
942,G,D,0
942,G,R,0
942,G,S,0
942,G,W,0
943,K,E,0
943,K,N,0
943,K,R,0
944,L,I,0
944,L,P,0
945,Q,K,0
945,Q,R,0
946,D,E,0
946,D,G,0
946,D,K,0
946,D,N,0
946,D,S,0
947,V,L,0
947,V,M,0
948,V,F,0
948,V,I,0
948,V,M,0
949,N,K,0
949,N,S,0
949,N,T,0
950,H,A,0
950,H,C,0
950,H,D,0
950,H,E,0
950,H,F,0
950,H,G,0
950,H,I,0
950,H,K,0
950,H,L,0
950,H,M,0
950,H,N,0
950,H,P,0
950,H,Q,0
950,H,R,0
950,H,S,0
950,H,T,0
950,H,V,1
950,H,W,0
950,H,Y,0
951,N,D,0
951,N,I,0
952,A,S,0
952,A,T,0
952,A,V,0
953,Q,H,0
953,Q,K,0
953,Q,L,0
953,Q,R,0
954,A,D,0
954,A,L,0
954,A,S,0
956,N,D,0
956,N,K,0
956,N,S,0
956,N,T,0
957,T,A,0
957,T,I,0
957,T,M,0
957,T,N,0
957,T,R,0
957,T,S,0
959,V,A,0
959,V,I,0
959,V,L,0
959,V,M,0
960,K,E,0
960,K,N,0
960,K,R,0
960,K,T,0
961,Q,N,0
963,S,A,0
963,S,N,0
963,S,R,0
963,S,T,0
964,S,C,0
964,S,F,0
964,S,N,0
964,S,V,0
965,K,C,0
965,K,L,0
965,K,M,0
965,K,N,0
965,K,Q,0
965,K,R,0
965,K,S,0
965,K,T,0
965,K,V,0
967,G,Q,0
971,S,N,0
972,V,A,1
972,V,F,0
972,V,I,0
974,N,D,0
974,N,F,0
974,N,S,0
975,D,E,1
975,D,H,0
975,D,Y,0
977,L,I,0
977,L,S,0
978,S,A,0
978,S,N,0
978,S,R,0
978,S,T,0
979,R,K,0
979,R,L,0
980,L,M,0
981,D,N,0
982,K,E,0
982,K,N,0
982,K,Q,0
982,K,R,0
983,V,F,0
983,V,I,0
984,E,D,0
984,E,G,0
984,E,K,0
984,E,R,0
985,A,C,0
986,E,A,1
986,E,D,0
986,E,G,0
986,E,K,1
986,E,Q,0
986,E,V,0
987,V,C,0
989,I,L,0
989,I,V,0
991,R,H,0
991,R,K,0
993,I,V,0
994,T,A,0
994,T,G,0
994,T,I,0
994,T,S,0
995,G,S,0
996,R,K,0
996,R,S,0
997,L,F,0
998,Q,A,0
998,Q,E,0
998,Q,H,0
998,Q,K,0
999,S,D,0
999,S,F,0
999,S,G,0
999,S,I,0
999,S,N,0
999,S,T,0
1000,L,F,0
1001,Q,H,0
1001,Q,K,0
1002,T,A,0
1002,T,I,0
1002,T,N,0
1002,T,V,0
1003,Y,C,0
1004,V,A,0
1004,V,L,0
1004,V,R,0
1005,T,A,0
1005,T,H,0
1005,T,I,0
1005,T,N,0
1005,T,S,0
1006,Q,E,0
1006,Q,L,0
1006,Q,M,0
1006,Q,N,0
1007,Q,H,0
1007,Q,K,0
1007,Q,L,0
1008,L,F,0
1008,L,S,0
1009,I,L,0
1009,I,N,0
1009,I,S,0
1010,R,G,0
1010,R,I,0
1010,R,K,0
1010,R,N,0
1010,R,S,0
1010,R,T,0
1011,A,S,0
1011,A,T,0
1011,A,V,0
1012,A,L,0
1012,A,Q,0
1012,A,S,0
1012,A,T,0
1012,A,V,0
1013,E,D,0
1013,E,K,0
1014,I,F,0
1014,I,L,0
1014,I,M,0
1014,I,S,0
1014,I,T,0
1014,I,V,0
1015,R,G,0
1015,R,K,0
1015,R,Q,0
1016,A,D,0
1016,A,G,0
1016,A,K,0
1016,A,S,0
1016,A,T,0
1016,A,V,0
1017,S,A,0
1017,S,F,0
1017,S,L,0
1017,S,T,0
1017,S,Y,0
1018,A,E,0
1018,A,L,0
1018,A,S,0
1018,A,T,0
1019,N,D,0
1019,N,I,0
1019,N,K,0
1019,N,L,0
1019,N,S,0
1019,N,T,0
1019,N,Y,0
1020,L,F,0
1020,L,I,0
1020,L,M,0
1020,L,R,0
1021,A,G,0
1021,A,T,0
1022,A,I,0
1022,A,S,0
1022,A,T,0
1022,A,V,0
